<?xml version="1.0" encoding="utf-8"?>
<Driver Name="Generic Cisco IOS Driver" Version="2.1.0" MainClass="cisco_ios_resource_driver.CiscoIOSResourceDriver" Description="Generic driver for all IOS devices">
  <Layout>
    <Category Name="Hidden Commands">

      <Command Name="add_vlan" DisplayName="Add VLAN" Description="" Tags="remote_connectivity">
        <Parameters>
          <Parameter Name="VLAN_Ranges" Type="String" Mandatory = "True" DefaultValue="" DisplayName="VLAN Ranges" Description=""/>
          <Parameter Name="VLAN_Mode" Type="String" Mandatory = "True" DefaultValue="Access" AllowedValues="Access,Trunk" DisplayName="Mode" Description="r"/>
          <Parameter Name="additional_info" Type="String" Mandatory = "False" DefaultValue="" AllowedValues="" DisplayName="" Description=""/>
          <Parameter Name="qnq" Type="String" Mandatory = "False" DefaultValue="" AllowedValues="" DisplayName="" Description=""/>
          <Parameter Name="ctag" Type="String" Mandatory = "False" DefaultValue="" AllowedValues="" DisplayName="" Description=""/>
        </Parameters>
      </Command>

      <Command Name="remove_vlan" DisplayName="Remove VLAN" Description="" Tags="remote_connectivity">
        <Parameters>
          <Parameter Name="VLAN_Ranges" Type="String" Mandatory = "True" DefaultValue="" DisplayName="VLAN Ranges" Description=""/>
          <Parameter Name="VLAN_Mode" Type="String" Mandatory = "True" DefaultValue="Access" AllowedValues="Access,Trunk" DisplayName="Mode" Description="r"/>
          <Parameter Name="additional_info" Type="String" Mandatory = "False" DefaultValue="" AllowedValues="" DisplayName="" Description=""/>
          <Parameter Name="qnq" Type="String" Mandatory = "False" DefaultValue="" AllowedValues="" DisplayName="" Description=""/>
          <Parameter Name="ctag" Type="String" Mandatory = "False" DefaultValue="" AllowedValues="" DisplayName="" Description=""/>
        </Parameters>
      </Command>
      <Command Name="send_custom_config_command" DisplayName="SendCustomConfigCommand" Tags="">
        <Parameters>
          <Parameter Name="command" Type="String" Mandatory = "True" DefaultValue=""  Description=""/>
        </Parameters>
      </Command>
	<Command Name="apply_connectivity_changes" DisplayName="ApplyConnectivityChanges" Tags="allow_unreserved">
        <Parameters>
          <Parameter Name="request" Type="String" Mandatory = "True" DefaultValue="" Description=""/>
        </Parameters>
      </Command>
	</Category>
      <Command Name="send_custom_command" DisplayName="SendCustomCommand" Tags="">
        <Parameters>
          <Parameter Name="command" Type="String" Mandatory = "True" DefaultValue=""  Description=""/>
        </Parameters>
      </Command>
      <Command Name="restore" DisplayName="Restored" Tags="">
        <Parameters>
	<Parameter Name="source_file" Type="String" Mandatory = "True" DefaultValue="" DisplayName="Source File" Description=""/>
	<Parameter Name="clear_config" Type="String" Mandatory = "True" DefaultValue="" DisplayName="Clear Config" Description=""/>
        </Parameters>
      </Command>
      <Command Name="save" DisplayName="Save" Tags="">
        <Parameters>
          <Parameter Name="destination_host" Type="String" Mandatory = "True" DisplayName="Destination Host" DefaultValue=""  Description=""/>
	  <Parameter Name="source_filename" Type="String" Mandatory = "True" DisplayName="Source Filename" DefaultValue=""  Description=""/>
        </Parameters>
      </Command>
      <Command Name="restore" DisplayName="Restored" Tags="">
        <Parameters>
	<Parameter Name="source_file" Type="String" Mandatory = "True" DefaultValue="" DisplayName="Source File" Description=""/>
	<Parameter Name="clear_config" Type="String" Mandatory = "True" DefaultValue="" DisplayName="Clear Config" Description=""/>
        </Parameters>
      </Command>	
  </Layout>
</Driver>
